-- --------------------------------------------------------
-- Host:                         127.0.0.1
-- Server version:               8.4.3 - MySQL Community Server - GPL
-- Server OS:                    Win64
-- HeidiSQL Version:             12.8.0.6908
-- --------------------------------------------------------

/*!40101 SET @OLD_CHARACTER_SET_CLIENT=@@CHARACTER_SET_CLIENT */;
/*!40101 SET NAMES utf8 */;
/*!50503 SET NAMES utf8mb4 */;
/*!40103 SET @OLD_TIME_ZONE=@@TIME_ZONE */;
/*!40103 SET TIME_ZONE='+00:00' */;
/*!40014 SET @OLD_FOREIGN_KEY_CHECKS=@@FOREIGN_KEY_CHECKS, FOREIGN_KEY_CHECKS=0 */;
/*!40101 SET @OLD_SQL_MODE=@@SQL_MODE, SQL_MODE='NO_AUTO_VALUE_ON_ZERO' */;
/*!40111 SET @OLD_SQL_NOTES=@@SQL_NOTES, SQL_NOTES=0 */;

-- Dumping structure for table ikp_bkn.ref_instansi
CREATE TABLE IF NOT EXISTS `ref_instansi` (
  `id` varchar(10) NOT NULL,
  `nama_instansi` varchar(255) NOT NULL,
  `is_active` tinyint(1) DEFAULT '1',
  PRIMARY KEY (`id`)
) ENGINE=InnoDB DEFAULT CHARSET=utf8mb4 COLLATE=utf8mb4_0900_ai_ci;

-- Dumping data for table ikp_bkn.ref_instansi: ~643 rows (approximately)
DELETE FROM `ref_instansi`;
INSERT INTO `ref_instansi` (`id`, `nama_instansi`, `is_active`) VALUES
	('1010', 'Kementerian Koordinator Bidang Polhukam', 1),
	('1020', 'Kementerian Koordinator Bidang Perekonomian', 1),
	('1030', 'Kementerian Koordinator Bidang Kesejahteraan Rakyat', 1),
	('2000', 'Kementerian Riset dan Teknologi', 1),
	('2010', 'Kementerian Koperasi Dan UKM', 1),
	('2020', 'Kementerian Lingkungan Hidup', 1),
	('2040', 'Kementerian BUMN', 1),
	('2050', 'Kementerian Negara Pemberdayaan Perempuan dan Perlindungan Anak', 1),
	('2060', 'Kementerian Pendayagunaan Aparatur Negara dan Reformasi Birokrasi', 1),
	('2100', 'Kementerian Pemuda Olahraga', 1),
	('2110', 'Kementerian Perumahan Rakyat', 1),
	('2120', 'Kementerian Desa, Pembangunan Daerah Tertinggal dan Transmigrasi', 1),
	('300', 'PT. Taspen KCU Bandung', 1),
	('3001', 'Kementerian Dalam Negeri', 1),
	('3002', 'Kementerian Luar Negeri', 1),
	('3003', 'Kementerian Pertahanan', 1),
	('3004', 'Kementerian Hukum dan Hak Asasi Manusia', 1),
	('3005', 'Kementerian Keuangan', 1),
	('3006', 'Kementerian Pertanian', 1),
	('3008', 'Kementerian Energi dan Sumber Daya Mineral', 1),
	('3009', 'Kementerian Perhubungan', 1),
	('301', 'PT. Taspen KC Bogor', 1),
	('3010', 'Kementerian Pendidikan, Kebudayaan dan Riset dan Teknologi', 1),
	('3011', 'Kementerian Kesehatan', 1),
	('3012', 'Kementerian Agama', 1),
	('3013', 'Kementerian Tenaga Kerja dan Transmigrasi', 1),
	('3014', 'Kementerian Sosial', 1),
	('3015', 'Kementerian Lingkungan Hidup dan Kehutanan', 1),
	('3016', 'Kementerian Kelautan Dan Perikanan', 1),
	('3018', 'Kementerian Komunikasi dan Informatika', 1),
	('3019', 'Kementerian Perdagangan', 1),
	('302', 'PT. Taspen KC Tasikmalaya', 1),
	('3020', 'Kementerian Perindustrian', 1),
	('3021', 'Kementerian Pekerjaan Umum', 1),
	('3022', 'Kementerian Pariwisata dan Ekonomi Kreatif', 1),
	('303', 'PT. Taspen KC Cirebon', 1),
	('304', 'PT. Taspen KC Serang', 1),
	('305', 'PT. Taspen KC Bekasi', 1),
	('306', 'PT. Taspen KC Depok', 1),
	('307', 'PT. Taspen KC  Tangerang', 1),
	('400', 'PT. Asabri Bandung', 1),
	('4001', 'Kementerian Sekretariat Negara', 1),
	('4002', 'Kejaksaan Agung', 1),
	('4003', 'Badan Intelijen Negara', 1),
	('4004', 'Sekretariat Jenderal MPR', 1),
	('4005', 'Setjen DPA', 1),
	('4006', 'Sekretariat Jenderal DPR', 1),
	('4007', 'Mahkamah Agung RI', 1),
	('4008', 'Badan Pemeriksa Keuangan', 1),
	('4009', 'Setjen WANTANNAS', 1),
	('401', 'PT. Asabri Cirebon', 1),
	('4010', 'Lembaga Sandi Negara', 1),
	('4011', 'Badan Kepegawaian Negara', 1),
	('4012', 'Lembaga Administrasi Negara', 1),
	('4013', 'Lembaga Penerbangan Antariksa Nasional', 1),
	('4014', 'Lembaga Ilmu Pengetahuan Indonesia', 1),
	('4015', 'Badan Tenaga Nuklir Nasional', 1),
	('4016', 'Badan Pusat Statistik', 1),
	('4017', 'Kementerian PPN/Bappenas', 1),
	('4018', 'Arsip Nasional Republik Indonesia', 1),
	('4019', 'Badan Informasi Geospasial', 1),
	('402', 'PT. Asabri Serang', 1),
	('4020', 'Badan Kependudukan dan KB Nasional', 1),
	('4021', 'Badan Koordinasi Penanaman Modal', 1),
	('4022', 'Badan Pengkajian dan Penerapan Teknologi', 1),
	('4023', 'Badan Pengawasan Keuangan dan Pembangunan', 1),
	('4024', 'Badan Pertanahan Nasional', 1),
	('4025', 'Perpustakaan Nasional RI', 1),
	('4027', 'Badan Standardisasi Nasional', 1),
	('4028', 'Badan Pengawas Tenaga Nuklir', 1),
	('4031', 'Badan Pengawas Obat dan Makanan', 1),
	('4032', 'Lembaga Ketahanan Nasional RI', 1),
	('4033', 'Kepolisian Negara', 1),
	('4034', 'MABES TNI', 1),
	('4035', 'Badan Meteorologi, Klimatologi dan Geofisika', 1),
	('4036', 'Sekretariat Kabinet ', 1),
	('4037', 'Sekretariat Presiden', 1),
	('4038', 'Sekretariat Wakil Presiden', 1),
	('4039', 'Sekretariat Militer', 1),
	('4040', 'Badan Narkotika Nasional', 1),
	('4041', 'Setjen Komisi Pemilihan Umum', 1),
	('4043', 'Badan Nasional Penanggulangan Bencana', 1),
	('4044', 'Setjen KOMNAS HAM', 1),
	('4045', 'Badan Pengusahaan Kawasan Perdagangan Bebas dan Pelabuhan Bebas Batam', 1),
	('4046', 'Kepaniteraan dan Sekretariat Jenderal Mahkamah Konstitusi RI', 1),
	('4047', 'Setjen Komisi Pemberantasan Korupsi', 1),
	('4048', 'Setjen KORPRI', 1),
	('4049', 'Sekretariat Jenderal Komisi Yudisial', 1),
	('4050', 'Setjen Dewan Perwakilan Daerah', 1),
	('4051', 'Badan Nasional Penempatan Perlind. TKI', 1),
	('4052', 'Badan Koordinasi Keamanan Laut RI', 1),
	('4053', 'Badan SAR Nasional', 1),
	('4054', 'Lembaga Kebijakan Pengadaan Barang/Jasa Pemerintah', 1),
	('4055', 'Pusat Pelaporan dan Analisis Transaksi Keuangan', 1),
	('4056', 'Ombudsman Republik Indonesia', 1),
	('4057', 'TELEVISI REPUBLIK INDONESIA', 1),
	('4058', 'RADIO REPUBLIK INDONESIA', 1),
	('4059', 'Badan Nasional Pengelola Perbatasan', 1),
	('4060', 'Badan Nasional Penanggulangan Terorisme', 1),
	('4061', 'Setjen Komisi Pengawas Persaingan Usaha', 1),
	('4062', 'Badan Pengawas Pemilihan Umum', 1),
	('4067', 'Badan Riset dan Inovasi Nasional', 1),
	('5100', 'Pemerintah Aceh', 1),
	('5101', 'Pemerintah Kab. Aceh Besar', 1),
	('5102', 'Pemerintah Kab. Pidie', 1),
	('5103', 'Pemerintah Kab. Aceh Utara', 1),
	('5104', 'Pemerintah Kab. Aceh Timur', 1),
	('5105', 'Pemerintah Kab. Aceh Selatan', 1),
	('5106', 'Pemerintah Kab. Aceh Barat', 1),
	('5107', 'Pemerintah Kab. Aceh Tengah', 1),
	('5108', 'Pemerintah Kab. Aceh Tenggara', 1),
	('5109', 'Pemerintah Kab. Simeulue', 1),
	('5110', 'Pemerintah Kab. Bireuen', 1),
	('5111', 'Pemerintah Kab. Aceh Singkil', 1),
	('5112', 'Pemerintah Kab. Aceh Barat Daya', 1),
	('5113', 'Pemerintah Kab. Gayo Lues', 1),
	('5114', 'Pemerintah Kab. Aceh Tamiang', 1),
	('5115', 'Pemerintah Kab. Nagan Raya', 1),
	('5116', 'Pemerintah Kab. Aceh Jaya', 1),
	('5117', 'Pemerintah Kab. Bener Meriah', 1),
	('5118', 'Pemerintah Kab. Pidie Jaya', 1),
	('5171', 'Pemerintah Kota Sabang', 1),
	('5172', 'Pemerintah Kota Banda Aceh', 1),
	('5173', 'Pemerintah Kota Langsa', 1),
	('5174', 'Pemerintah Kota Lhokseumawe', 1),
	('5175', 'Pemerintah Kota Subulussalam', 1),
	('5200', 'Pemerintah Provinsi Sumatera Utara', 1),
	('5201', 'Pemerintah Kab. Deli Serdang', 1),
	('5202', 'Pemerintah Kab. Karo', 1),
	('5203', 'Pemerintah Kab. Langkat', 1),
	('5204', 'Pemerintah Kab. Tapanuli Tengah', 1),
	('5205', 'Pemerintah Kab. Simalungun', 1),
	('5206', 'Pemerintah Kab. Labuhanbatu', 1),
	('5207', 'Pemerintah Kab. Dairi', 1),
	('5208', 'Pemerintah Kab. Tapanuli Utara', 1),
	('5209', 'Pemerintah Kab. Tapanuli Selatan', 1),
	('5210', 'Pemerintah Kab. Asahan', 1),
	('5211', 'Pemerintah Kab. Nias', 1),
	('5212', 'Pemerintah Kab. Toba Samosir', 1),
	('5213', 'Pemerintah Kab. Mandailing Natal', 1),
	('5214', 'Pemerintah Kab. Nias Selatan', 1),
	('5215', 'Pemerintah Kab. Humbang Hasundutan', 1),
	('5216', 'Pemerintah Kab. Pakpak Bharat', 1),
	('5217', 'Pemerintah Kab. Samosir', 1),
	('5218', 'Pemerintah Kab. Serdang Bedagai', 1),
	('5219', 'Pemerintah Kab. Padang Lawas', 1),
	('5220', 'Pemerintah Kab. Padang Lawas Utara', 1),
	('5221', 'Pemerintah Kab. Batubara', 1),
	('5222', 'Pemerintah Kab. Labuhanbatu Selatan', 1),
	('5223', 'Pemerintah Kab. Labuhanbatu Utara', 1),
	('5224', 'Pemerintah Kab. Nias Barat', 1),
	('5225', 'Pemerintah Kab. Nias Utara', 1),
	('5271', 'Pemerintah Kota Medan', 1),
	('5272', 'Pemerintah Kota Tebing Tinggi', 1),
	('5273', 'Pemerintah Kota Binjai', 1),
	('5274', 'Pemerintah Kota Pematang Siantar', 1),
	('5275', 'Pemerintah Kota Tanjung Balai', 1),
	('5276', 'Pemerintah Kota Sibolga', 1),
	('5277', 'Pemerintah Kota Padangsidimpuan', 1),
	('5278', 'Pemerintah Kota Gunung Sitoli', 1),
	('5300', 'Pemerintah Provinsi Riau', 1),
	('5301', 'Pemerintah Kab. Kampar', 1),
	('5302', 'Pemerintah Kab. Bengkalis', 1),
	('5304', 'Pemerintah Kab. Indragiri Hulu', 1),
	('5305', 'Pemerintah Kab. Indragiri Hilir', 1),
	('5306', 'Pemerintah Kab. Pelalawan', 1),
	('5307', 'Pemerintah Kab. Rokan Hulu', 1),
	('5308', 'Pemerintah Kab. Rokan Hilir', 1),
	('5309', 'Pemerintah Kab. Siak', 1),
	('5312', 'Pemerintah Kab. Kuantan Singingi', 1),
	('5313', 'Pemerintah Kab. Kepulauan Meranti', 1),
	('5371', 'Pemerintah Kota Pekanbaru', 1),
	('5373', 'Pemerintah Kota Dumai', 1),
	('5400', 'Pemerintah Provinsi Sumatera Barat', 1),
	('5401', 'Pemerintah Kab. Agam', 1),
	('5402', 'Pemerintah Kab. Pasaman', 1),
	('5403', 'Pemerintah Kab. Limapuluh Kota', 1),
	('5404', 'Pemerintah Kab. Solok', 1),
	('5405', 'Pemerintah Kab. Padang Pariaman', 1),
	('5406', 'Pemerintah Kab. Pesisir Selatan', 1),
	('5407', 'Pemerintah Kab. Tanah Datar', 1),
	('5408', 'Pemerintah Kab. Sijunjung', 1),
	('5409', 'Pemerintah Kab. Kep. Mentawai', 1),
	('5410', 'Pemerintah Kab. Solok Selatan', 1),
	('5411', 'Pemerintah Kab. Dharmasraya', 1),
	('5412', 'Pemerintah Kab. Pasaman Barat', 1),
	('5471', 'Pemerintah Kota Bukittinggi', 1),
	('5472', 'Pemerintah Kota Padang Panjang', 1),
	('5473', 'Pemerintah Kota Sawahlunto', 1),
	('5474', 'Pemerintah Kota Solok', 1),
	('5475', 'Pemerintah Kota Padang', 1),
	('5476', 'Pemerintah Kota Payakumbuh', 1),
	('5477', 'Pemerintah Kota Pariaman', 1),
	('5500', 'Pemerintah Provinsi Jambi', 1),
	('5501', 'Pemerintah Kab. Batang Hari', 1),
	('5502', 'Pemerintah Kab. Tanjung Jabung Barat', 1),
	('5503', 'Pemerintah Kab. Bungo', 1),
	('5504', 'Pemerintah Kab. Merangin', 1),
	('5505', 'Pemerintah Kab. Kerinci', 1),
	('5506', 'Pemerintah Kab. Sarolangun', 1),
	('5507', 'Pemerintah Kab. Tebo', 1),
	('5508', 'Pemerintah Kab. Muaro Jambi', 1),
	('5509', 'Pemerintah Kab. Tanjung Jabung Timur', 1),
	('5571', 'Pemerintah Kota Jambi', 1),
	('5572', 'Pemerintah Kota Sungai Penuh', 1),
	('5600', 'Pemerintah Provinsi Sumatera Selatan', 1),
	('5601', 'Pemerintah Kab. Musi Banyuasin', 1),
	('5602', 'Pemerintah Kab. Ogan Komering Ulu', 1),
	('5603', 'Pemerintah Kab. Muara Enim', 1),
	('5604', 'Pemerintah Kab. Lahat', 1),
	('5605', 'Pemerintah Kab. Musi Rawas', 1),
	('5606', 'Pemerintah Kab. Ogan Komering Ilir', 1),
	('5607', 'Pemerintah Kab. Banyuasin', 1),
	('5608', 'Pemerintah Kab. Ogan Komering Ulu Timur', 1),
	('5609', 'Pemerintah Kab. Ogan Komering Ulu Sel.', 1),
	('5610', 'Pemerintah Kab. Ogan Ilir', 1),
	('5611', 'Pemerintah Kab. Empat Lawang', 1),
	('5671', 'Pemerintah Kota Palembang', 1),
	('5672', 'Pemerintah Kota Pagar Alam', 1),
	('5673', 'Pemerintah Kota Lubuk Linggau', 1),
	('5674', 'Pemerintah Kota Prabumulih', 1),
	('5675', 'Pemerintah Kab. Penukal Abab Lematang Ilir', 1),
	('5700', 'Pemerintah Provinsi Kep. Bangka Belitung', 1),
	('5701', 'Pemerintah Kab. Bangka', 1),
	('5702', 'Pemerintah Kab. Belitung', 1),
	('5703', 'Pemerintah Kab. Bangka Barat', 1),
	('5704', 'Pemerintah Kab. Bangka Tengah', 1),
	('5705', 'Pemerintah Kab. Bangka Selatan', 1),
	('5706', 'Pemerintah Kab. Belitung Timur', 1),
	('5771', 'Pemerintah Kota Pangkal Pinang', 1),
	('5800', 'Pemerintah Provinsi Bengkulu', 1),
	('5801', 'Pemerintah Kab. Bengkulu Utara', 1),
	('5802', 'Pemerintah Kab. Bengkulu Selatan', 1),
	('5803', 'Pemerintah Kab. Rejang Lebong', 1),
	('5804', 'Pemerintah Kab. Kaur', 1),
	('5805', 'Pemerintah Kab. Seluma', 1),
	('5806', 'Pemerintah Kab. Mukomuko', 1),
	('5807', 'Pemerintah Kab. Kepahiang', 1),
	('5808', 'Pemerintah Kab. Lebong', 1),
	('5809', 'Pemerintah Kab. Bengkulu Tengah', 1),
	('5871', 'Pemerintah Kota Bengkulu', 1),
	('5900', 'Pemerintah Provinsi Lampung', 1),
	('5901', 'Pemerintah Kab. Lampung Selatan', 1),
	('5902', 'Pemerintah Kab. Lampung Tengah', 1),
	('5903', 'Pemerintah Kab. Lampung Utara', 1),
	('5904', 'Pemerintah Kab. Lampung Barat', 1),
	('5905', 'Pemerintah Kab. Tulang Bawang', 1),
	('5906', 'Pemerintah Kab. Tanggamus', 1),
	('5907', 'Pemerintah Kab. Way Kanan', 1),
	('5908', 'Pemerintah Kab. Lampung Timur', 1),
	('5909', 'Pemerintah Kab. Pesawaran', 1),
	('5910', 'Pemerintah Kab.Tulang Bawang Barat', 1),
	('5911', 'Pemerintah Kab. Pringsewu', 1),
	('5912', 'Pemerintah Kab. Mesuji', 1),
	('5913', 'Pemerintah Kab. Pesisir Barat', 1),
	('5971', 'Pemerintah Kota Metro', 1),
	('5972', 'Pemerintah Kota Bandar Lampung', 1),
	('6000', 'Pemerintah Provinsi Daerah Khusus Ibukota Jakarta', 1),
	('6001', 'Kab. Kepulauan Seribu', 1),
	('6100', 'Pemerintah Provinsi Jawa Barat', 1),
	('6101', 'Pemerintah Kab. Bogor', 1),
	('6102', 'Pemerintah Kab. Sukabumi', 1),
	('6103', 'Pemerintah Kab. Cianjur', 1),
	('6104', 'Pemerintah Kab. Bekasi', 1),
	('6105', 'Pemerintah Kab. Karawang', 1),
	('6106', 'Pemerintah Kab. Purwakarta', 1),
	('6107', 'Pemerintah Kab. Subang', 1),
	('6108', 'Pemerintah Kab. Bandung', 1),
	('6109', 'Pemerintah Kab. Sumedang', 1),
	('6110', 'Pemerintah Kab. Garut', 1),
	('6111', 'Pemerintah Kab. Tasikmalaya', 1),
	('6112', 'Pemerintah Kab. Ciamis', 1),
	('6113', 'Pemerintah Kab. Cirebon', 1),
	('6114', 'Pemerintah Kab. Kuningan', 1),
	('6115', 'Pemerintah Kab. Indramayu', 1),
	('6116', 'Pemerintah Kab. Majalengka', 1),
	('6117', 'Pemerintah Kab. Bandung Barat', 1),
	('6118', 'Pemerintah Kab. Pangandaran', 1),
	('6171', 'Pemerintah Kota Bandung', 1),
	('6172', 'Pemerintah Kota  Bogor', 1),
	('6173', 'Pemerintah Kota Sukabumi', 1),
	('6174', 'Pemerintah Kota  Cirebon', 1),
	('6175', 'Pemerintah Kota  Bekasi', 1),
	('6176', 'Pemerintah Kota Depok', 1),
	('6177', 'Pemerintah Kota Cimahi', 1),
	('6178', 'Pemerintah Kota Tasikmalaya', 1),
	('6179', 'Pemerintah Kota Banjar', 1),
	('6200', 'Pemerintah Provinsi Banten', 1),
	('6201', 'Pemerintah Kab. Serang', 1),
	('6202', 'Pemerintah Kab. Pandeglang', 1),
	('6203', 'Pemerintah Kab. Lebak', 1),
	('6204', 'Pemerintah Kab. Tangerang', 1),
	('6271', 'Pemerintah Kota Tangerang', 1),
	('6272', 'Pemerintah Kota Cilegon', 1),
	('6273', 'Pemerintah Kota Serang', 1),
	('6274', 'Pemerintah Kota Tangerang Selatan', 1),
	('6300', 'Pemerintah Daerah D I Yogyakarta', 1),
	('6301', 'Pemerintah Kab. Bantul', 1),
	('6302', 'Pemerintah Kab. Sleman', 1),
	('6303', 'Pemerintah Kab. Gunung Kidul', 1),
	('6304', 'Pemerintah Kab. Kulon Progo', 1),
	('6371', 'Pemerintah Kota Yogyakarta', 1),
	('6400', 'Pemerintah Provinsi Jawa Tengah', 1),
	('6401', 'Pemerintah Kab. Semarang', 1),
	('6402', 'Pemerintah Kab. Kendal', 1),
	('6403', 'Pemerintah Kab. Demak', 1),
	('6404', 'Pemerintah Kab. Grobogan', 1),
	('6405', 'Pemerintah Kab. Pekalongan', 1),
	('6406', 'Pemerintah Kab. Batang', 1),
	('6407', 'Pemerintah Kab. Tegal', 1),
	('6408', 'Pemerintah Kab. Brebes', 1),
	('6409', 'Pemerintah Kab. Pati', 1),
	('6410', 'Pemerintah Kab. Kudus', 1),
	('6411', 'Pemerintah Kab. Pemalang', 1),
	('6412', 'Pemerintah Kab. Jepara', 1),
	('6413', 'Pemerintah Kab. Rembang', 1),
	('6414', 'Pemerintah Kab. Blora', 1),
	('6415', 'Pemerintah Kab. Banyumas', 1),
	('6416', 'Pemerintah Kab. Cilacap', 1),
	('6417', 'Pemerintah Kab. Purbalingga', 1),
	('6418', 'Pemerintah Kab. Banjarnegara', 1),
	('6419', 'Pemerintah Kab. Magelang', 1),
	('6420', 'Pemerintah Kab. Temanggung', 1),
	('6421', 'Pemerintah Kab. Wonosobo', 1),
	('6422', 'Pemerintah Kab. Purworejo', 1),
	('6423', 'Pemerintah Kab. Kebumen', 1),
	('6424', 'Pemerintah Kab. Klaten', 1),
	('6425', 'Pemerintah Kab. Boyolali', 1),
	('6426', 'Pemerintah Kab. Sragen', 1),
	('6427', 'Pemerintah Kab. Sukoharjo', 1),
	('6428', 'Pemerintah Kab. Karanganyar', 1),
	('6429', 'Pemerintah Kab. Wonogiri', 1),
	('6471', 'Pemerintah Kota Semarang', 1),
	('6472', 'Pemerintah Kota Salatiga', 1),
	('6473', 'Pemerintah Kota  Pekalongan', 1),
	('6474', 'Pemerintah Kota Tegal', 1),
	('6475', 'Pemerintah Kota Magelang', 1),
	('6476', 'Pemerintah Kota Surakarta', 1),
	('6500', 'Pemerintah Provinsi Jawa Timur', 1),
	('6501', 'Pemerintah Kab. Gresik', 1),
	('6502', 'Pemerintah Kab. Mojokerto', 1),
	('6503', 'Pemerintah Kab.  Sidoarjo', 1),
	('6504', 'Pemerintah Kab. Jombang', 1),
	('6505', 'Pemerintah Kab. Sampang', 1),
	('6506', 'Pemerintah Kab. Pamekasan', 1),
	('6507', 'Pemerintah Kab. Sumenep', 1),
	('6508', 'Pemerintah Kab. Bangkalan', 1),
	('6509', 'Pemerintah Kab. Bondowoso', 1),
	('6510', 'Pemerintah Kab. Situbondo', 1),
	('6511', 'Pemerintah Kab. Banyuwangi', 1),
	('6512', 'Pemerintah Kab. Jember', 1),
	('6513', 'Pemerintah Kab. Malang', 1),
	('6514', 'Pemerintah Kab. Pasuruan', 1),
	('6515', 'Pemerintah Kab. Probolinggo', 1),
	('6516', 'Pemerintah Kab. Lumajang', 1),
	('6517', 'Pemerintah Kab. Kediri', 1),
	('6518', 'Pemerintah Kab. Tulungagung', 1),
	('6519', 'Pemerintah Kab. Nganjuk', 1),
	('6520', 'Pemerintah Kab. Trenggalek', 1),
	('6521', 'Pemerintah Kab. Blitar', 1),
	('6522', 'Pemerintah Kab. Madiun', 1),
	('6523', 'Pemerintah Kab. Ngawi', 1),
	('6524', 'Pemerintah Kab. Magetan', 1),
	('6525', 'Pemerintah Kab. Ponorogo', 1),
	('6526', 'Pemerintah Kab. Pacitan', 1),
	('6527', 'Pemerintah Kab. Bojonegoro', 1),
	('6528', 'Pemerintah Kab. Tuban', 1),
	('6529', 'Pemerintah Kab. Lamongan', 1),
	('6571', 'Pemerintah Kota Surabaya', 1),
	('6572', 'Pemerintah Kota Mojokerto', 1),
	('6573', 'Pemerintah Kota Malang', 1),
	('6574', 'Pemerintah Kota Pasuruan', 1),
	('6575', 'Pemerintah Kota Probolinggo', 1),
	('6576', 'Pemerintah Kota Blitar', 1),
	('6577', 'Pemerintah Kota Kediri', 1),
	('6578', 'Pemerintah Kota Madiun', 1),
	('6579', 'Pemerintah Kota Batu', 1),
	('6600', 'Pemerintah Provinsi Kalimantan Barat', 1),
	('6601', 'Pemerintah Kab. Sambas', 1),
	('6602', 'Pemerintah Kab. Sanggau', 1),
	('6603', 'Pemerintah Kab. Sintang', 1),
	('6604', 'Pemerintah Kab. Pontianak', 1),
	('6605', 'Pemerintah Kab. Kapuas Hulu', 1),
	('6606', 'Pemerintah Kab. Ketapang', 1),
	('6607', 'Pemerintah Kab.Bengkayang', 1),
	('6608', 'Pemerintah Kab.Landak', 1),
	('6609', 'Pemerintah Kab. Melawi', 1),
	('6610', 'Pemerintah Kab. Sekadau', 1),
	('6611', 'Pemerintah Kab. Kubu Raya', 1),
	('6612', 'Pemerintah Kab. Kayong Utara', 1),
	('6671', 'Pemerintah Kota Pontianak', 1),
	('6672', 'Pemerintah Kota Singkawang', 1),
	('6700', 'Pemerintah Provinsi Kalimantan Tengah', 1),
	('6701', 'Pemerintah Kab. Kapuas', 1),
	('6702', 'Pemerintah Kab. Barito Utara', 1),
	('6703', 'Pemerintah Kab. Barito Selatan', 1),
	('6704', 'Pemerintah Kab. Kotawaringin Timur', 1),
	('6705', 'Pemerintah Kab. Kotawaringin Barat', 1),
	('6706', 'Pemerintah Kab. Pulang Pisau', 1),
	('6707', 'Pemerintah Kab. Gunung Mas', 1),
	('6708', 'Pemerintah Kab. Lamandau', 1),
	('6709', 'Pemerintah Kab. Sukamara', 1),
	('6710', 'Pemerintah Kab. Murung Raya', 1),
	('6711', 'Pemerintah Kab. Katingan', 1),
	('6712', 'Pemerintah Kab. Seruyan', 1),
	('6713', 'Pemerintah Kab. Barito Timur', 1),
	('6771', 'Pemerintah Kota Palangka Raya', 1),
	('6800', 'Pemerintah Provinsi Kalimantan Selatan', 1),
	('6801', 'Pemerintah Kab. Banjar', 1),
	('6802', 'Pemerintah Kab. Tanah Laut', 1),
	('6803', 'Pemerintah Kab. Tapin', 1),
	('6804', 'Pemerintah Kab. Hulu Sungai Selatan', 1),
	('6805', 'Pemerintah Kab. Hulu Sungai Tengah', 1),
	('6806', 'Pemerintah Kab. Barito Kuala', 1),
	('6807', 'Pemerintah Kab. Tabalong', 1),
	('6808', 'Pemerintah Kab. Kotabaru', 1),
	('6809', 'Pemerintah Kab. Hulu Sungai Utara', 1),
	('6810', 'Pemerintah Kab. Tanah Bumbu', 1),
	('6811', 'Pemerintah Kab. Balangan', 1),
	('6871', 'Pemerintah Kota Banjarmasin', 1),
	('6872', 'Pemerintah Kota Banjar Baru', 1),
	('6900', 'Pemerintah Provinsi Kalimantan Timur', 1),
	('6901', 'Pemerintah Kab. Kutai Kartanegara', 1),
	('6902', 'Pemerintah Kab. Paser', 1),
	('6904', 'Pemerintah Kab. Berau', 1),
	('6907', 'Pemerintah Kab. Kutai Barat', 1),
	('6908', 'Pemerintah Kab. Kutai Timur', 1),
	('6910', 'Pemerintah Kab. Penajam Paser Utara', 1),
	('6912', 'Pemerintah Kab. Mahakam Ulu', 1),
	('6971', 'Pemerintah Kota Samarinda', 1),
	('6972', 'Pemerintah Kota Balikpapan', 1),
	('6973', 'Pemerintah Kota Bontang', 1),
	('7000', 'Pemerintah Provinsi Sulawesi Utara', 1),
	('7001', 'Pemerintah Kab. Minahasa', 1),
	('7002', 'Pemerintah Kab. Bolaang Mongondow', 1),
	('7003', 'Pemerintah Kab. Kepulauan Sangihe', 1),
	('7004', 'Pemerintah Kab. Minahasa Selatan', 1),
	('7005', 'Pemerintah Kab. Kepulauan Talaud', 1),
	('7006', 'Pemerintah Kab. Minahasa Utara', 1),
	('7007', 'Pemerintah Kab. Bolaang Mongondow Utara', 1),
	('7008', 'Pemerintah Kab. Siau Tagulandang Biaro', 1),
	('7009', 'Pemerintah Kab. Minahasa Tenggara', 1),
	('7012', 'Pemerintah Kab. Bolaang Mongondow Selatan', 1),
	('7013', 'Pemerintah Kab. Bolaang Mongondow Timur', 1),
	('7071', 'Pemerintah Kota Manado', 1),
	('7072', 'Pemerintah Kota Bitung', 1),
	('7073', 'Pemerintah Kota Tomohon', 1),
	('7074', 'Pemerintah Kota KotaMobagu', 1),
	('7100', 'Pemerintah Provinsi Gorontalo', 1),
	('7101', 'Pemerintah Kab. Gorontalo', 1),
	('7102', 'Pemerintah Kab. Boalemo', 1),
	('7103', 'Pemerintah Kab. Pohuwato', 1),
	('7104', 'Pemerintah Kab. Bone Bolango', 1),
	('7105', 'Pemerintah Kab. Gorontalo Utara', 1),
	('7171', 'Pemerintah Kota Gorontalo', 1),
	('7200', 'Pemerintah Provinsi Sulawesi Tengah', 1),
	('7201', 'Pemerintah Kab. Poso', 1),
	('7202', 'Pemerintah Kab. Donggala', 1),
	('7203', 'Pemerintah Kab. Tolitoli', 1),
	('7204', 'Pemerintah Kab. Banggai', 1),
	('7205', 'Pemerintah Kab. Buol', 1),
	('7206', 'Pemerintah Kab. Morowali', 1),
	('7207', 'Pemerintah Kab. Banggai Kepulauan', 1),
	('7208', 'Pemerintah Kab. Parigi Moutong', 1),
	('7209', 'Pemerintah Kab. Tojo Una Una', 1),
	('7210', 'Pemerintah Kab. Sigi', 1),
	('7211', 'Pemerintah Kab. Banggai Laut', 1),
	('7271', 'Pemerintah Kota Palu', 1),
	('7300', 'Pemerintah Provinsi Sulawesi Selatan', 1),
	('7301', 'Pemerintah Kab. Pinrang', 1),
	('7302', 'Pemerintah Kab. Gowa', 1),
	('7303', 'Pemerintah Kab. Wajo', 1),
	('7305', 'Pemerintah Kab. Bone', 1),
	('7306', 'Pemerintah Kab. Tana Toraja', 1),
	('7307', 'Pemerintah Kab. Maros', 1),
	('7309', 'Pemerintah Kab. Luwu', 1),
	('7310', 'Pemerintah Kab. Sinjai', 1),
	('7311', 'Pemerintah Kab. Bulukumba', 1),
	('7312', 'Pemerintah Kab. Bantaeng', 1),
	('7313', 'Pemerintah Kab. Jeneponto', 1),
	('7314', 'Pemerintah Kabupaten Kepulauan Selayar', 1),
	('7315', 'Pemerintah Kab. Takalar', 1),
	('7316', 'Pemerintah Kab. Barru', 1),
	('7317', 'Pemerintah Kab. Sidenreng Rappang', 1),
	('7318', 'Pemerintah Kab. Pangkajene dan Kepulauan', 1),
	('7319', 'Pemerintah Kab. Soppeng', 1),
	('7321', 'Pemerintah Kab. Enrekang', 1),
	('7322', 'Pemerintah Kab. Luwu Utara', 1),
	('7325', 'Pemerintah Kab. Luwu Timur', 1),
	('7326', 'Pemerintah Kab. Toraja Utara', 1),
	('7371', 'Pemerintah Kota Makassar', 1),
	('7372', 'Pemerintah Kota Parepare', 1),
	('7373', 'Pemerintah Kota Palopo', 1),
	('7400', 'Pemerintah Provinsi Sulawesi Tenggara', 1),
	('7401', 'Pemerintah Kab. Konawe', 1),
	('7402', 'Pemerintah Kab. Buton', 1),
	('7403', 'Pemerintah Kab. Muna', 1),
	('7404', 'Pemerintah Kab. Kolaka', 1),
	('7405', 'Pemerintah Kab. Konawe Selatan', 1),
	('7406', 'Pemerintah Kab. Kolaka Utara', 1),
	('7407', 'Pemerintah Kab. Bombana', 1),
	('7408', 'Pemerintah Kab. Wakatobi', 1),
	('7410', 'Pemerintah Kab. Buton Utara', 1),
	('7411', 'Pemerintah Kab. Konawe Utara', 1),
	('7412', 'Pemerintah Kab. Kolaka Timur', 1),
	('7471', 'Pemerintah Kota Kendari', 1),
	('7472', 'Pemerintah Kota Baubau', 1),
	('7500', 'Pemerintah Provinsi Bali', 1),
	('7501', 'Pemerintah Kab. Buleleng', 1),
	('7502', 'Pemerintah Kab. Jembrana', 1),
	('7503', 'Pemerintah Kab. Klungkung', 1),
	('7504', 'Pemerintah Kab. Gianyar', 1),
	('7505', 'Pemerintah Kab. Karangasem', 1),
	('7506', 'Pemerintah Kab. Bangli', 1),
	('7507', 'Pemerintah Kab. Badung', 1),
	('7508', 'Pemerintah Kab. Tabanan', 1),
	('7571', 'Pemerintah Kota Denpasar', 1),
	('7600', 'Pemerintah Provinsi NTB', 1),
	('7601', 'Pemerintah Kab. Lombok Barat', 1),
	('7602', 'Pemerintah Kab. Lombok Tengah', 1),
	('7603', 'Pemerintah Kab. Lombok Timur', 1),
	('7604', 'Pemerintah Kab. Bima', 1),
	('7605', 'Pemerintah Kab. Sumbawa', 1),
	('7606', 'Pemerintah Kab. Dompu', 1),
	('7607', 'Pemerintah Kab. Sumbawa Barat', 1),
	('7608', 'Pemerintah Kab. Lombok Utara', 1),
	('7671', 'Pemerintah Kota Mataram', 1),
	('7672', 'Pemerintah Kota Bima', 1),
	('7700', 'Pemerintah Provinsi NTT', 1),
	('7701', 'Pemerintah Kab. Kupang', 1),
	('7702', 'Pemerintah Kab. Belu', 1),
	('7703', 'Pemerintah Kab. Timor Tengah Utara', 1),
	('7704', 'Pemerintah Kab. Timor Tengah Selatan', 1),
	('7705', 'Pemerintah Kab. Alor', 1),
	('7706', 'Pemerintah Kab. Sikka', 1),
	('7707', 'Pemerintah Kab. Flores Timur', 1),
	('7708', 'Pemerintah Kab. Ende', 1),
	('7709', 'Pemerintah Kab. Ngada', 1),
	('7710', 'Pemerintah Kab. Manggarai', 1),
	('7711', 'Pemerintah Kab. Sumba Timur', 1),
	('7712', 'Pemerintah Kab. Sumba Barat', 1),
	('7713', 'Pemerintah Kab. Lembata', 1),
	('7714', 'Pemerintah Kab. Rote Ndao', 1),
	('7715', 'Pemerintah Kab. Manggarai Barat', 1),
	('7716', 'Pemerintah Kab. Manggarai Timur', 1),
	('7717', 'Pemerintah Kab. Sumba Barat Daya', 1),
	('7718', 'Pemerintah Kab. Nagekeo', 1),
	('7719', 'Pemerintah Kab. Sumba Tengah', 1),
	('7720', 'Pemerintah Kabupaten Sabu Raijua', 1),
	('7721', 'Pemerintah Kab. Malaka', 1),
	('7771', 'Pemerintah Kota Kupang', 1),
	('7800', 'Pemerintah Provinsi Maluku', 1),
	('7801', 'Pemerintah Kab. Maluku Tengah', 1),
	('7802', 'Pemerintah Kab. Maluku Tenggara', 1),
	('7803', 'Pemerintah Kab. Buru', 1),
	('7804', 'Pemerintah Kab. Maluku Tenggara Barat', 1),
	('7805', 'Pemerintah Kab. Kepulauan Aru', 1),
	('7806', 'Pemerintah Kab. Seram Bagian Barat', 1),
	('7807', 'Pemerintah Kab. Seram Bagian Timur', 1),
	('7808', 'Pemerintah Kab. Buru Selatan', 1),
	('7809', 'Pemerintah Kab. Maluku Barat Daya', 1),
	('7871', 'Pemerintah Kota Ambon', 1),
	('7872', 'Pemerintah Kota Tual', 1),
	('7900', 'Pemerintah Provinsi Maluku Utara', 1),
	('7901', 'Pemerintah Kab. Halmahera Barat', 1),
	('7902', 'Pemerintah Kab. Halmahera Tengah', 1),
	('7903', 'Pemerintah Kab. Kepulauan Sula', 1),
	('7904', 'Pemerintah Kab. Halmahera Selatan', 1),
	('7905', 'Pemerintah Kab. Halmahera Utara', 1),
	('7906', 'Pemerintah Kab. Halmahera Timur', 1),
	('7907', 'Pemerintah Kab. Pulau Morotai', 1),
	('7908', 'Pemerintah Kab. Pulau Taliabu', 1),
	('7971', 'Pemerintah Kota Ternate', 1),
	('7972', 'Pemerintah Kota Tidore Kepulauan', 1),
	('8000', 'Pemerintah Provinsi Papua', 1),
	('8001', 'Pemerintah Kab. Jayapura', 1),
	('8002', 'Pemerintah Kab. Biak Numfor', 1),
	('8004', 'Pemerintah Kab. Kepulauan Yapen', 1),
	('8007', 'Pemerintah Kab. Merauke', 1),
	('8008', 'Pemerintah Kab. Jayawijaya', 1),
	('8009', 'Pemerintah Kab. Nabire', 1),
	('8010', 'Pemerintah Kab. Puncak Jaya', 1),
	('8011', 'Pemerintah Kab. Paniai', 1),
	('8012', 'Pemerintah Kab. Mimika', 1),
	('8013', 'Pemerintah Kab. Boven Digoel', 1),
	('8014', 'Pemerintah Kab. Mappi', 1),
	('8015', 'Pemerintah Kab. Asmat', 1),
	('8016', 'Pemerintah Kab. Yahukimo', 1),
	('8017', 'Pemerintah Kab. Pegunungan Bintang', 1),
	('8018', 'Pemerintah Kab. Tolikara', 1),
	('8019', 'Pemerintah Kab. Sarmi', 1),
	('8020', 'Pemerintah Kab. Keerom', 1),
	('8026', 'Pemerintah Kab. Waropen', 1),
	('8027', 'Pemerintah Kab. Supiori', 1),
	('8028', 'Pemerintah Kab. Mamberamo Raya', 1),
	('8029', 'Pemerintah Kab. Mamberamo Tengah', 1),
	('8030', 'Pemerintah Kab. Lanny Jaya', 1),
	('8031', 'Pemerintah Kab. Yalimo', 1),
	('8032', 'Pemerintah Kab. Nduga', 1),
	('8033', 'Pemerintah Kab. Dogiyai', 1),
	('8035', 'Pemerintah Kab. Puncak', 1),
	('8036', 'Pemerintah Kab. Deiyai', 1),
	('8037', 'Pemerintah Kab. Intan Jaya', 1),
	('8072', 'Pemerintah Kota Jayapura', 1),
	('8100', 'Pemerintah Provinsi Kepulauan Riau', 1),
	('8101', 'Pemerintah Kab. Bintan', 1),
	('8102', 'Pemerintah Kab. Karimun', 1),
	('8103', 'Pemerintah Kab. Natuna', 1),
	('8104', 'Pemerintah Kab. Lingga', 1),
	('8105', 'Pemerintah Kab. Kepulauan Anambas', 1),
	('8171', 'Pemerintah Kota Batam', 1),
	('8172', 'Pemerintah Kota Tanjungpinang', 1),
	('8200', 'Pemerintah Provinsi Papua Barat', 1),
	('8201', 'Pemerintah Kab. Sorong', 1),
	('8202', 'Pemerintah Kab. Sorong Selatan', 1),
	('8203', 'Pemerintah Kab. Raja Ampat', 1),
	('8204', 'Pemerintah Kab. Manokwari', 1),
	('8205', 'Pemerintah Kab. Teluk Bintuni', 1),
	('8206', 'Pemerintah Kab. Teluk Wondama', 1),
	('8207', 'Pemerintah Kab. Fak-Fak', 1),
	('8208', 'Pemerintah Kab. Kaimana', 1),
	('8210', 'Pemerintah Kab. Tambrauw', 1),
	('8211', 'Pemerintah Kab. Maybrat', 1),
	('8212', 'Pemerintah Kab. Pegunungan Arfak', 1),
	('8271', 'Pemerintah Kota Sorong', 1),
	('8300', 'Pemerintah Provinsi Sulawesi Barat', 1),
	('8301', 'Pemerintah Kab. Mamuju Utara', 1),
	('8302', 'Pemerintah Kab. Mamuju', 1),
	('8303', 'Pemerintah Kab. Mamasa', 1),
	('8304', 'Pemerintah Kab. Polewali Mandar', 1),
	('8305', 'Pemerintah Kab. Majene', 1),
	('8306', 'Pemerintah Kab. Mamuju Tengah', 1),
	('8400', 'Pemerintah Provinsi Kalimantan Utara', 1),
	('8401', 'Pemerintah Kab. Bulungan', 1),
	('8402', 'Pemerintah Kab. Malinau', 1),
	('8403', 'Pemerintah Kab. Nunukan', 1),
	('8404', 'Pemerintah Kab. Tana Tidung', 1),
	('8471', 'Pemerintah Kota Tarakan', 1),
	('8810', 'BUMN', 1),
	('8820', 'BUMD', 1),
	('8830', 'SWASTA', 1),
	('9910', 'Luar Negeri', 1),
	('9999', 'Lain-Lain', 1);

-- Dumping structure for table ikp_bkn.ref_jenis_layanan
CREATE TABLE IF NOT EXISTS `ref_jenis_layanan` (
  `id` int NOT NULL AUTO_INCREMENT,
  `nama_layanan` varchar(100) NOT NULL,
  `is_active` tinyint(1) DEFAULT '1',
  PRIMARY KEY (`id`)
) ENGINE=InnoDB AUTO_INCREMENT=5 DEFAULT CHARSET=utf8mb4 COLLATE=utf8mb4_0900_ai_ci;

-- Dumping data for table ikp_bkn.ref_jenis_layanan: ~4 rows (approximately)
DELETE FROM `ref_jenis_layanan`;
INSERT INTO `ref_jenis_layanan` (`id`, `nama_layanan`, `is_active`) VALUES
	(1, 'Layanan Kenaikan Pangkat', 1),
	(2, 'Layanan Pensiun', 1),
	(3, 'Layanan Mutasi / Pindah Instansi', 1),
	(4, 'Layanan Status Kepegawaian', 1);

-- Dumping structure for table ikp_bkn.ref_opsi_jawaban
CREATE TABLE IF NOT EXISTS `ref_opsi_jawaban` (
  `id` int NOT NULL AUTO_INCREMENT,
  `soal_id` int NOT NULL,
  `label_jawaban` varchar(255) NOT NULL,
  `bobot_nilai` int NOT NULL,
  PRIMARY KEY (`id`),
  KEY `soal_id` (`soal_id`),
  CONSTRAINT `ref_opsi_jawaban_ibfk_1` FOREIGN KEY (`soal_id`) REFERENCES `ref_soal` (`id`) ON DELETE CASCADE
) ENGINE=InnoDB AUTO_INCREMENT=21 DEFAULT CHARSET=utf8mb4 COLLATE=utf8mb4_0900_ai_ci;

-- Dumping data for table ikp_bkn.ref_opsi_jawaban: ~20 rows (approximately)
DELETE FROM `ref_opsi_jawaban`;
INSERT INTO `ref_opsi_jawaban` (`id`, `soal_id`, `label_jawaban`, `bobot_nilai`) VALUES
	(1, 1, 'Sangat Sesuai', 4),
	(2, 1, 'Sesuai', 3),
	(3, 1, 'Kurang Sesuai', 2),
	(4, 1, 'Tidak Sesuai', 1),
	(5, 2, 'Sangat Mudah', 4),
	(6, 2, 'Mudah', 3),
	(7, 2, 'Kurang Mudah', 2),
	(8, 2, 'Tidak Mudah', 1),
	(9, 3, 'Sangat Cepat', 4),
	(10, 3, 'Cepat', 3),
	(11, 3, 'Kurang Cepat', 2),
	(12, 3, 'Tidak Cepat', 1),
	(13, 4, 'Sangat Jelas', 4),
	(14, 4, 'Jelas', 3),
	(15, 4, 'Kurang Jelas', 2),
	(16, 4, 'Tidak Jelas', 1),
	(17, 5, 'Tepat Waktu', 4),
	(18, 5, 'Cukup Tepat', 3),
	(19, 5, 'Terlambat', 2),
	(20, 5, 'Sangat Terlambat', 1);

-- Dumping structure for table ikp_bkn.ref_pekerjaan
CREATE TABLE IF NOT EXISTS `ref_pekerjaan` (
  `id` int NOT NULL AUTO_INCREMENT,
  `nama_pekerjaan` varchar(100) NOT NULL,
  `is_active` tinyint(1) DEFAULT '1',
  PRIMARY KEY (`id`)
) ENGINE=InnoDB AUTO_INCREMENT=6 DEFAULT CHARSET=utf8mb4 COLLATE=utf8mb4_0900_ai_ci;

-- Dumping data for table ikp_bkn.ref_pekerjaan: ~5 rows (approximately)
DELETE FROM `ref_pekerjaan`;
INSERT INTO `ref_pekerjaan` (`id`, `nama_pekerjaan`, `is_active`) VALUES
	(1, 'PNS', 1),
	(2, 'TNI/POLRI', 1),
	(3, 'Pegawai Swasta', 1),
	(4, 'Wiraswasta/Usahawan', 1),
	(5, 'Pelajar/Mahasiswa', 1);

-- Dumping structure for table ikp_bkn.ref_pendidikan
CREATE TABLE IF NOT EXISTS `ref_pendidikan` (
  `id` varchar(10) NOT NULL,
  `nama_pendidikan` varchar(100) NOT NULL,
  `is_active` tinyint(1) DEFAULT '1',
  PRIMARY KEY (`id`)
) ENGINE=InnoDB DEFAULT CHARSET=utf8mb4 COLLATE=utf8mb4_0900_ai_ci;

-- Dumping data for table ikp_bkn.ref_pendidikan: ~7 rows (approximately)
DELETE FROM `ref_pendidikan`;
INSERT INTO `ref_pendidikan` (`id`, `nama_pendidikan`, `is_active`) VALUES
	('kp-001', 'SD / Sederajat', 1),
	('kp-002', 'SMP / Sederajat', 1),
	('kp-003', 'SMA / Sederajat', 1),
	('kp-004', 'D3', 1),
	('kp-005', 'S1 / D4', 1),
	('kp-006', 'S2', 1),
	('kp-007', 'S3', 1);

-- Dumping structure for table ikp_bkn.ref_soal
CREATE TABLE IF NOT EXISTS `ref_soal` (
  `id` int NOT NULL AUTO_INCREMENT,
  `jenis_layanan_id` int NOT NULL,
  `unsur_id` int NOT NULL,
  `pertanyaan` text NOT NULL,
  `urutan` int DEFAULT '0',
  `is_active` tinyint(1) DEFAULT '1',
  PRIMARY KEY (`id`),
  KEY `jenis_layanan_id` (`jenis_layanan_id`),
  KEY `unsur_id` (`unsur_id`),
  CONSTRAINT `ref_soal_ibfk_1` FOREIGN KEY (`jenis_layanan_id`) REFERENCES `ref_jenis_layanan` (`id`) ON DELETE CASCADE,
  CONSTRAINT `ref_soal_ibfk_2` FOREIGN KEY (`unsur_id`) REFERENCES `ref_unsur_pelayanan` (`id`) ON DELETE CASCADE
) ENGINE=InnoDB AUTO_INCREMENT=6 DEFAULT CHARSET=utf8mb4 COLLATE=utf8mb4_0900_ai_ci;

-- Dumping data for table ikp_bkn.ref_soal: ~5 rows (approximately)
DELETE FROM `ref_soal`;
INSERT INTO `ref_soal` (`id`, `jenis_layanan_id`, `unsur_id`, `pertanyaan`, `urutan`, `is_active`) VALUES
	(1, 1, 1, 'Bagaimana pendapat Saudara tentang kesesuaian persyaratan pelayanan dengan jenis pelayanannya?', 1, 1),
	(2, 1, 2, 'Bagaimana pemahaman Saudara tentang kemudahan prosedur pelayanan di unit ini?', 2, 1),
	(3, 1, 3, 'Bagaimana pendapat Saudara tentang kecepatan waktu dalam memberikan pelayanan?', 3, 1),
	(4, 2, 1, 'Apakah persyaratan pengajuan pensiun diinformasikan dengan jelas?', 1, 1),
	(5, 2, 3, 'Apakah SK Pensiun diterima tepat waktu sesuai standar pelayanan?', 2, 1);

-- Dumping structure for table ikp_bkn.ref_unsur_pelayanan
CREATE TABLE IF NOT EXISTS `ref_unsur_pelayanan` (
  `id` int NOT NULL AUTO_INCREMENT,
  `kode_unsur` varchar(5) NOT NULL,
  `nama_unsur` varchar(100) NOT NULL,
  PRIMARY KEY (`id`)
) ENGINE=InnoDB AUTO_INCREMENT=10 DEFAULT CHARSET=utf8mb4 COLLATE=utf8mb4_0900_ai_ci;

-- Dumping data for table ikp_bkn.ref_unsur_pelayanan: ~9 rows (approximately)
DELETE FROM `ref_unsur_pelayanan`;
INSERT INTO `ref_unsur_pelayanan` (`id`, `kode_unsur`, `nama_unsur`) VALUES
	(1, 'U1', 'Persyaratan'),
	(2, 'U2', 'Sistem, Mekanisme, dan Prosedur'),
	(3, 'U3', 'Waktu Penyelesaian'),
	(4, 'U4', 'Biaya / Tarif'),
	(5, 'U5', 'Produk Spesifikasi Jenis Pelayanan'),
	(6, 'U6', 'Kompetensi Pelaksana'),
	(7, 'U7', 'Perilaku Pelaksana'),
	(8, 'U8', 'Penanganan Pengaduan, Saran dan Masukan'),
	(9, 'U9', 'Sarana dan Prasarana');

-- Dumping structure for table ikp_bkn.trans_detail_jawaban
CREATE TABLE IF NOT EXISTS `trans_detail_jawaban` (
  `id` bigint NOT NULL AUTO_INCREMENT,
  `responden_id` int NOT NULL,
  `soal_id` int NOT NULL,
  `opsi_jawaban_id` int NOT NULL,
  `nilai_skor` int NOT NULL,
  PRIMARY KEY (`id`),
  KEY `responden_id` (`responden_id`),
  KEY `soal_id` (`soal_id`),
  KEY `opsi_jawaban_id` (`opsi_jawaban_id`),
  CONSTRAINT `trans_detail_jawaban_ibfk_1` FOREIGN KEY (`responden_id`) REFERENCES `trans_responden` (`id`) ON DELETE CASCADE,
  CONSTRAINT `trans_detail_jawaban_ibfk_2` FOREIGN KEY (`soal_id`) REFERENCES `ref_soal` (`id`),
  CONSTRAINT `trans_detail_jawaban_ibfk_3` FOREIGN KEY (`opsi_jawaban_id`) REFERENCES `ref_opsi_jawaban` (`id`)
) ENGINE=InnoDB AUTO_INCREMENT=4 DEFAULT CHARSET=utf8mb4 COLLATE=utf8mb4_0900_ai_ci;

-- Dumping data for table ikp_bkn.trans_detail_jawaban: ~3 rows (approximately)
DELETE FROM `trans_detail_jawaban`;
INSERT INTO `trans_detail_jawaban` (`id`, `responden_id`, `soal_id`, `opsi_jawaban_id`, `nilai_skor`) VALUES
	(1, 1, 1, 2, 3),
	(2, 1, 2, 5, 4),
	(3, 1, 3, 10, 3);

-- Dumping structure for table ikp_bkn.trans_responden
CREATE TABLE IF NOT EXISTS `trans_responden` (
  `id` int NOT NULL AUTO_INCREMENT,
  `tanggal_survei` datetime DEFAULT CURRENT_TIMESTAMP,
  `jenis_layanan_id` int NOT NULL,
  `instansi_id` varchar(10) DEFAULT NULL,
  `pendidikan_id` varchar(10) NOT NULL,
  `pekerjaan_id` int NOT NULL,
  `umur` int NOT NULL,
  `jenis_kelamin` enum('L','P') NOT NULL,
  `saran_masukan` text,
  PRIMARY KEY (`id`),
  KEY `jenis_layanan_id` (`jenis_layanan_id`),
  KEY `instansi_id` (`instansi_id`),
  KEY `pendidikan_id` (`pendidikan_id`),
  KEY `pekerjaan_id` (`pekerjaan_id`),
  CONSTRAINT `trans_responden_ibfk_1` FOREIGN KEY (`jenis_layanan_id`) REFERENCES `ref_jenis_layanan` (`id`),
  CONSTRAINT `trans_responden_ibfk_2` FOREIGN KEY (`instansi_id`) REFERENCES `ref_instansi` (`id`),
  CONSTRAINT `trans_responden_ibfk_3` FOREIGN KEY (`pendidikan_id`) REFERENCES `ref_pendidikan` (`id`),
  CONSTRAINT `trans_responden_ibfk_4` FOREIGN KEY (`pekerjaan_id`) REFERENCES `ref_pekerjaan` (`id`)
) ENGINE=InnoDB AUTO_INCREMENT=3 DEFAULT CHARSET=utf8mb4 COLLATE=utf8mb4_0900_ai_ci;

-- Dumping data for table ikp_bkn.trans_responden: ~2 rows (approximately)
DELETE FROM `trans_responden`;
INSERT INTO `trans_responden` (`id`, `tanggal_survei`, `jenis_layanan_id`, `instansi_id`, `pendidikan_id`, `pekerjaan_id`, `umur`, `jenis_kelamin`, `saran_masukan`) VALUES
	(1, '2026-01-15 08:47:53', 1, '4011', 'kp-005', 1, 35, 'L', 'Pelayanan sudah baik, mohon dipertahankan.'),
	(2, '2026-01-15 08:47:53', 3, NULL, 'kp-004', 3, 28, 'P', 'Antrian mohon diperbaiki.');

/*!40103 SET TIME_ZONE=IFNULL(@OLD_TIME_ZONE, 'system') */;
/*!40101 SET SQL_MODE=IFNULL(@OLD_SQL_MODE, '') */;
/*!40014 SET FOREIGN_KEY_CHECKS=IFNULL(@OLD_FOREIGN_KEY_CHECKS, 1) */;
/*!40101 SET CHARACTER_SET_CLIENT=@OLD_CHARACTER_SET_CLIENT */;
/*!40111 SET SQL_NOTES=IFNULL(@OLD_SQL_NOTES, 1) */;
